item,itemLabel,mohsHardness,densityNode,chemicalFormula,color,image,crystalSystem,refractiveIndex,mainLocation
http://www.wikidata.org/entity/Q2235552,adamsite-(Y),3,,NaY(CO₃)₂·6H₂O,http://www.wikidata.org/entity/Q23444,http://commons.wikimedia.org/wiki/Special:FilePath/Adamsite-%28Y%29-167345.jpg,http://www.wikidata.org/entity/Q376927,,
http://www.wikidata.org/entity/Q3716119,dugganite,3,,Pb₃Zn₃(TeO₆)(AsO₄)₂,,http://commons.wikimedia.org/wiki/Special:FilePath/Dugganite%20-%20Tombstone%2C%20Cochise%20County%2C%20Arizona.jpg,http://www.wikidata.org/entity/Q588274,,
http://www.wikidata.org/entity/Q617949,villamanínite,4.5,,CuS₂,,http://commons.wikimedia.org/wiki/Special:FilePath/Villamaninite-205453.jpg,http://www.wikidata.org/entity/Q473227,,
http://www.wikidata.org/entity/Q407251,钒铅矿,3,6.88,Pb₅(VO₄)₃Cl,http://www.wikidata.org/entity/Q943,http://commons.wikimedia.org/wiki/Special:FilePath/Vanadinite%20-%20ACF%20mine%2C%20Mibladen%2C%20Morocco.jpg,http://www.wikidata.org/entity/Q663314,,
http://www.wikidata.org/entity/Q3993369,tooeleite,3,,Fe³⁺₆(As³⁺O₃)₄(SO₄)(OH)₄·4H₂O,,http://commons.wikimedia.org/wiki/Special:FilePath/Tooeleite9452.jpg,,,
http://www.wikidata.org/entity/Q407251,钒铅矿,3,6.88,Pb₅(VO₄)₃Cl,http://www.wikidata.org/entity/Q47071,http://commons.wikimedia.org/wiki/Special:FilePath/Vanadinite%20-%20ACF%20mine%2C%20Mibladen%2C%20Morocco.jpg,http://www.wikidata.org/entity/Q663314,,
http://www.wikidata.org/entity/Q421092,wulfenite,3,6.75,PbMoO₄,http://www.wikidata.org/entity/Q39338,http://commons.wikimedia.org/wiki/Special:FilePath/Wulfenite%20-%20Red%20Cloud%20mine%2C%20La%20Paz%20Co.%2C%20Arizona%2C%20USA.jpg,http://www.wikidata.org/entity/Q503601,,
http://www.wikidata.org/entity/Q2235552,adamsite-(Y),3,,NaY(CO₃)₂·6H₂O,http://www.wikidata.org/entity/Q11567495,http://commons.wikimedia.org/wiki/Special:FilePath/Adamsite-%28Y%29-167345.jpg,http://www.wikidata.org/entity/Q376927,,
http://www.wikidata.org/entity/Q102151,萤石,4,,CaF₂,http://www.wikidata.org/entity/Q1396399,http://commons.wikimedia.org/wiki/Special:FilePath/Fluorine%20MHNT.MIN.2010.16.1.jpg,http://www.wikidata.org/entity/Q473227,,
http://www.wikidata.org/entity/Q111044,黄铜矿,3.5,,CuFeS₂,,http://commons.wikimedia.org/wiki/Special:FilePath/Chalkopyrite.jpg,http://www.wikidata.org/entity/Q503601,,
http://www.wikidata.org/entity/Q1134295,antimony (native),3.3,6.66,Sb,,http://commons.wikimedia.org/wiki/Special:FilePath/Antimony-201382.jpg,http://www.wikidata.org/entity/Q588274,,
http://www.wikidata.org/entity/Q192669,菱铁矿,4,3.96,FeCO₃,,http://commons.wikimedia.org/wiki/Special:FilePath/Baryt-siderit%20lauterberg%20hg.jpg,http://www.wikidata.org/entity/Q588274,,
http://www.wikidata.org/entity/Q164411,碱式碳酸铜,3.75,3.85,Cu₂(CO₃)(OH)₂,,http://commons.wikimedia.org/wiki/Special:FilePath/Malachit%2C%20Kupferspat.jpg,http://www.wikidata.org/entity/Q624543,,
http://www.wikidata.org/entity/Q894888,bottinoite,3,,NiSb⁵⁺₂(OH)₁₂·6H₂O,,http://commons.wikimedia.org/wiki/Special:FilePath/Bottinoite-402628.jpg,,,
http://www.wikidata.org/entity/Q1115995,jaskólskiite,4,,"CuₓPb₂₊ₓ(Sb,Bi)₂₋ₓS₅ (x~0.2)",,http://commons.wikimedia.org/wiki/Special:FilePath/Jask%C3%B3lskiite.jpg,http://www.wikidata.org/entity/Q648961,,
http://www.wikidata.org/entity/Q2176474,hisingerite,3,,Fe₂Si₂O₅(OH)₄·2H₂O,,http://commons.wikimedia.org/wiki/Special:FilePath/Hisingerite-282352.jpg,http://www.wikidata.org/entity/Q624543,,
http://www.wikidata.org/entity/Q3641428,bobkingite,3,,Cu₅Cl₂(OH)₈·2H₂O,,http://commons.wikimedia.org/wiki/Special:FilePath/Bobkingite.jpg,,,
http://www.wikidata.org/entity/Q111200,水砷锌矿,3.5,,Zn₂AsO₄(OH),,http://commons.wikimedia.org/wiki/Special:FilePath/Adamitemexique1.jpg,http://www.wikidata.org/entity/Q648961,,
http://www.wikidata.org/entity/Q23775,霰石,3.75,2.93,CaCO₃,http://www.wikidata.org/entity/Q429220,http://commons.wikimedia.org/wiki/Special:FilePath/Aragonite%202%20Enguidanos.jpg,http://www.wikidata.org/entity/Q648961,,
http://www.wikidata.org/entity/Q3817166,krupkaite,4,,PbCuBi₃S₆,,http://commons.wikimedia.org/wiki/Special:FilePath/Krupkaite.jpg,,,
http://www.wikidata.org/entity/Q2252346,phosphophyllite,3,3.1,Zn₂Fe²⁺(PO₄)₂·4H₂O,,http://commons.wikimedia.org/wiki/Special:FilePath/Phosphophyllite-rw06a.jpg,http://www.wikidata.org/entity/Q624543,,
http://www.wikidata.org/entity/Q152400,菱锌矿,5,,ZnCO₃,,http://commons.wikimedia.org/wiki/Special:FilePath/Smithsonite%20-%20USGS%20Mineral%20Specimens%20016.jpg,http://www.wikidata.org/entity/Q588274,,
http://www.wikidata.org/entity/Q429671,片钠铝石,3,,NaAl(CO₃)(OH)₂,,http://commons.wikimedia.org/wiki/Special:FilePath/Dawsonite-90694.jpg,http://www.wikidata.org/entity/Q648961,,
http://www.wikidata.org/entity/Q3381506,phosphohedyphane,4,,Ca₂Pb₃(PO₄)₃Cl,,http://commons.wikimedia.org/wiki/Special:FilePath/Phosphohedyphane-86748.jpg,http://www.wikidata.org/entity/Q663314,,
http://www.wikidata.org/entity/Q407221,天青石,3.25,,SrSO₄,,http://commons.wikimedia.org/wiki/Special:FilePath/Celestine%20-%20Sakoany%20deposit%2C%20Katsepy%2C%20Mitsinjo%2C%20Boeny%2C%20Madagascar.jpg,http://www.wikidata.org/entity/Q648961,,
http://www.wikidata.org/entity/Q102151,萤石,4,,CaF₂,http://www.wikidata.org/entity/Q1088,http://commons.wikimedia.org/wiki/Special:FilePath/Fluorine%20MHNT.MIN.2010.16.1.jpg,http://www.wikidata.org/entity/Q473227,,
http://www.wikidata.org/entity/Q102151,萤石,4,,CaF₂,http://www.wikidata.org/entity/Q3133,http://commons.wikimedia.org/wiki/Special:FilePath/Fluorine%20MHNT.MIN.2010.16.1.jpg,http://www.wikidata.org/entity/Q473227,,
http://www.wikidata.org/entity/Q428379,fluellite,3,,Al₂(PO₄)F₂(OH)(H₂O)₃·4H₂O,http://www.wikidata.org/entity/Q1396399,http://commons.wikimedia.org/wiki/Special:FilePath/Fluellite-111339.jpg,http://www.wikidata.org/entity/Q648961,,
http://www.wikidata.org/entity/Q3858063,milotaite,4.5,8.09,PdSbSe,http://www.wikidata.org/entity/Q2285791,,http://www.wikidata.org/entity/Q473227,,
http://www.wikidata.org/entity/Q102151,萤石,4,,CaF₂,http://www.wikidata.org/entity/Q47071,http://commons.wikimedia.org/wiki/Special:FilePath/Fluorine%20MHNT.MIN.2010.16.1.jpg,http://www.wikidata.org/entity/Q473227,,
http://www.wikidata.org/entity/Q401047,manganite,4,,Mn³⁺O(OH),,http://commons.wikimedia.org/wiki/Special:FilePath/Manganit%20-%20Ilfeld%2C%20Harz2.jpg,http://www.wikidata.org/entity/Q624543,,
http://www.wikidata.org/entity/Q3693802,cornwallite,4.5,,Cu₅(AsO₄)₂(OH)₄,,http://commons.wikimedia.org/wiki/Special:FilePath/Cornwallite-178955.jpg,http://www.wikidata.org/entity/Q624543,,
http://www.wikidata.org/entity/Q3635272,barstowite,3,,Pb₄Cl₆(CO₃)·H₂O,,http://commons.wikimedia.org/wiki/Special:FilePath/Barstowite-90280.jpg,,,
http://www.wikidata.org/entity/Q171917,方解石,3.04,2.72,CaCO₃,,http://commons.wikimedia.org/wiki/Special:FilePath/Calcite%20%28Mexique%29%20.jpg,http://www.wikidata.org/entity/Q588274,,
http://www.wikidata.org/entity/Q1057224,fiedlerite,3.5,,Pb₃Cl₄F(OH)·H₂O,,http://commons.wikimedia.org/wiki/Special:FilePath/Fiedlerite-112692.jpg,,,
http://www.wikidata.org/entity/Q3680774,clinoatacamite,3,,Cu₂(OH)₃Cl,,http://commons.wikimedia.org/wiki/Special:FilePath/RM1457-clinoatacamita-A.jpg,http://www.wikidata.org/entity/Q624543,,
http://www.wikidata.org/entity/Q1057152,paratacamite,3,,"Cu²⁺₃(Cu,Zn)(OH)₆Cl₂",,http://commons.wikimedia.org/wiki/Special:FilePath/Paratacamite-231241.jpg,,,
http://www.wikidata.org/entity/Q3614259,amicite,4.5,,K₂Na₂(Al₄Si₄O₁₆)·5H₂O,,http://commons.wikimedia.org/wiki/Special:FilePath/Amicite.jpg,http://www.wikidata.org/entity/Q624543,,
http://www.wikidata.org/entity/Q749082,xanthiosite,4,,Ni₃(AsO₄)₂,,http://commons.wikimedia.org/wiki/Special:FilePath/Aerugite%20-%20Bunsenite%20-%20Xanthiosite.jpg,http://www.wikidata.org/entity/Q624543,,
http://www.wikidata.org/entity/Q23775,霰石,3.75,2.93,CaCO₃,http://www.wikidata.org/entity/Q1396399,http://commons.wikimedia.org/wiki/Special:FilePath/Aragonite%202%20Enguidanos.jpg,http://www.wikidata.org/entity/Q648961,,
http://www.wikidata.org/entity/Q3633600,balyakinite,3,,Cu²⁺(Te⁴⁺O₃),,http://commons.wikimedia.org/wiki/Special:FilePath/Balyakinite.jpg,http://www.wikidata.org/entity/Q648961,,
http://www.wikidata.org/entity/Q415135,tugtupite,4,2.465,Na₄BeAlSi₄O₁₂Cl,,http://commons.wikimedia.org/wiki/Special:FilePath/Tugtupite-Quartz-49226.jpg,http://www.wikidata.org/entity/Q503601,,
http://www.wikidata.org/entity/Q1070595,agardite-(Ce),3,,CeCu²⁺₆(AsO₄)₃(OH)₆·3H₂O,,http://commons.wikimedia.org/wiki/Special:FilePath/Agardite%20Clara5.jpg,http://www.wikidata.org/entity/Q663314,,
http://www.wikidata.org/entity/Q3939891,rhodium (native),3.5,,"(Rh, Pt)",,,http://www.wikidata.org/entity/Q473227,,
http://www.wikidata.org/entity/Q3782461,haiweeite,3.5,,Ca(UO₂)₂Si₅O₁₂(OH)₂·3H₂O,,http://commons.wikimedia.org/wiki/Special:FilePath/Haiweeite-Gypsum-171826.jpg,http://www.wikidata.org/entity/Q624543,,
http://www.wikidata.org/entity/Q3807341,jarosewichite,4,,Mn2+3Mn3+(AsO4)(OH)6,,,http://www.wikidata.org/entity/Q648961,,
http://www.wikidata.org/entity/Q3490672,frankdicksonite,3,,BaF₂,,,http://www.wikidata.org/entity/Q473227,,
http://www.wikidata.org/entity/Q1067093,sampleite,4,,NaCaCu₅(PO₄)₄Cl·5H₂O,,http://commons.wikimedia.org/wiki/Special:FilePath/Sampleite%2004.JPG,http://www.wikidata.org/entity/Q648961,,
http://www.wikidata.org/entity/Q3815105,kidwellite,3,3.34,NaFe³⁺₉₊ₓ(PO₄)₆(OH)₁₁·3H₂O (x ≈ 0.33),http://www.wikidata.org/entity/Q113897502,http://commons.wikimedia.org/wiki/Special:FilePath/Kidwellite-132867.jpg,http://www.wikidata.org/entity/Q624543,,
http://www.wikidata.org/entity/Q3815105,kidwellite,3,3.34,NaFe³⁺₉₊ₓ(PO₄)₆(OH)₁₁·3H₂O (x ≈ 0.33),http://www.wikidata.org/entity/Q113897502,http://commons.wikimedia.org/wiki/Special:FilePath/Kidwellite-160225.jpg,http://www.wikidata.org/entity/Q624543,,
http://www.wikidata.org/entity/Q428379,fluellite,3,,Al₂(PO₄)F₂(OH)(H₂O)₃·4H₂O,http://www.wikidata.org/entity/Q943,http://commons.wikimedia.org/wiki/Special:FilePath/Fluellite-111339.jpg,http://www.wikidata.org/entity/Q648961,,
http://www.wikidata.org/entity/Q3878506,norsethite,3.5,,BaMg(CO₃)₂,,http://commons.wikimedia.org/wiki/Special:FilePath/Norsethite.jpg,http://www.wikidata.org/entity/Q588274,,
http://www.wikidata.org/entity/Q3815105,kidwellite,3,3.34,NaFe³⁺₉₊ₓ(PO₄)₆(OH)₁₁·3H₂O (x ≈ 0.33),http://www.wikidata.org/entity/Q943,http://commons.wikimedia.org/wiki/Special:FilePath/Kidwellite-132867.jpg,http://www.wikidata.org/entity/Q624543,,
http://www.wikidata.org/entity/Q3815105,kidwellite,3,3.34,NaFe³⁺₉₊ₓ(PO₄)₆(OH)₁₁·3H₂O (x ≈ 0.33),http://www.wikidata.org/entity/Q943,http://commons.wikimedia.org/wiki/Special:FilePath/Kidwellite-160225.jpg,http://www.wikidata.org/entity/Q624543,,
http://www.wikidata.org/entity/Q428379,fluellite,3,,Al₂(PO₄)F₂(OH)(H₂O)₃·4H₂O,http://www.wikidata.org/entity/Q23444,http://commons.wikimedia.org/wiki/Special:FilePath/Fluellite-111339.jpg,http://www.wikidata.org/entity/Q648961,,
http://www.wikidata.org/entity/Q1935056,aerugite,4,5.85,Ni₈.₅(AsO₄)₂As⁵⁺O₈,,http://commons.wikimedia.org/wiki/Special:FilePath/Aerugite-198370.jpg,http://www.wikidata.org/entity/Q588274,,
http://www.wikidata.org/entity/Q102151,萤石,4,,CaF₂,http://www.wikidata.org/entity/Q3257809,http://commons.wikimedia.org/wiki/Special:FilePath/Fluorine%20MHNT.MIN.2010.16.1.jpg,http://www.wikidata.org/entity/Q473227,,
http://www.wikidata.org/entity/Q108212,蓝铜矿,3.75,3.75,Cu₃(CO₃)₂(OH)₂,,http://commons.wikimedia.org/wiki/Special:FilePath/Azurite-Malachite-188417.jpg,,,
http://www.wikidata.org/entity/Q108212,蓝铜矿,3.75,3.75,Cu₃(CO₃)₂(OH)₂,,http://commons.wikimedia.org/wiki/Special:FilePath/Azurite%20-%20New%20Nevada%20Lode%2C%20La%20Sal%2C%20Utah%2C%20USA.jpg,,,
http://www.wikidata.org/entity/Q3831545,liandratite,3.5,,"U(Nb,Ta)₂O₈",,http://commons.wikimedia.org/wiki/Special:FilePath/Liandratite.jpg,http://www.wikidata.org/entity/Q588274,,
http://www.wikidata.org/entity/Q407251,钒铅矿,3,6.88,Pb₅(VO₄)₃Cl,http://www.wikidata.org/entity/Q71405932,http://commons.wikimedia.org/wiki/Special:FilePath/Vanadinite%20-%20ACF%20mine%2C%20Mibladen%2C%20Morocco.jpg,http://www.wikidata.org/entity/Q663314,,
http://www.wikidata.org/entity/Q425076,germanite,3,,Cu₁₃Fe₂Ge₂S₁₆,,http://commons.wikimedia.org/wiki/Special:FilePath/Germanite-231229.jpg,,,
http://www.wikidata.org/entity/Q23775,霰石,3.75,2.93,CaCO₃,http://www.wikidata.org/entity/Q943,http://commons.wikimedia.org/wiki/Special:FilePath/Aragonite%202%20Enguidanos.jpg,http://www.wikidata.org/entity/Q648961,,
http://www.wikidata.org/entity/Q23775,霰石,3.75,2.93,CaCO₃,http://www.wikidata.org/entity/Q1088,http://commons.wikimedia.org/wiki/Special:FilePath/Aragonite%202%20Enguidanos.jpg,http://www.wikidata.org/entity/Q648961,,
http://www.wikidata.org/entity/Q204851,zincite,4,,ZnO,,http://commons.wikimedia.org/wiki/Special:FilePath/Zincite%20from%20Arizona.jpg,http://www.wikidata.org/entity/Q663314,,
http://www.wikidata.org/entity/Q163577,tenorite,3.5,6.3,CuO,,http://commons.wikimedia.org/wiki/Special:FilePath/Tenorite%20cornwallite%20Clara.jpg,http://www.wikidata.org/entity/Q624543,,
http://www.wikidata.org/entity/Q2249072,heazlewoodite,4,,,,http://commons.wikimedia.org/wiki/Special:FilePath/Heazlewoodite.jpg,http://www.wikidata.org/entity/Q588274,,
http://www.wikidata.org/entity/Q420478,鲕绿泥石,3,,"(Fe²⁺,Mg,Al,Fe³⁺)₆(Si,Al)₄O₁₀(OH,O)₈",,http://commons.wikimedia.org/wiki/Special:FilePath/Chamosite-359495.jpg,http://www.wikidata.org/entity/Q624543,,
http://www.wikidata.org/entity/Q420481,libethenite,4,,Cu₂PO₄(OH),,http://commons.wikimedia.org/wiki/Special:FilePath/Libethenite-245668.jpg,http://www.wikidata.org/entity/Q648961,,
http://www.wikidata.org/entity/Q105439,硬石膏,3.5,,CaSO₄,,http://commons.wikimedia.org/wiki/Special:FilePath/Anhydrite%20Arnave.jpg,http://www.wikidata.org/entity/Q648961,,
http://www.wikidata.org/entity/Q421944,磁黄铁矿,4,,Fe₇S₈,http://www.wikidata.org/entity/Q47071,http://commons.wikimedia.org/wiki/Special:FilePath/Mus%C3%A9um%20de%20Nantes%20-%20023%20-%20Pyrrhotite%20%28Russie%29.jpg,http://www.wikidata.org/entity/Q624543,,
http://www.wikidata.org/entity/Q421944,磁黄铁矿,4,,Fe₇S₈,http://www.wikidata.org/entity/Q47071,http://commons.wikimedia.org/wiki/Special:FilePath/Mus%C3%A9um%20de%20Nantes%20-%20023%20-%20Pyrrhotite%20%28Russie%29.jpg,http://www.wikidata.org/entity/Q663314,,
http://www.wikidata.org/entity/Q102151,萤石,4,,CaF₂,http://www.wikidata.org/entity/Q12894641,http://commons.wikimedia.org/wiki/Special:FilePath/Fluorine%20MHNT.MIN.2010.16.1.jpg,http://www.wikidata.org/entity/Q473227,,
http://www.wikidata.org/entity/Q339530,černýite,4,,Cu₂CdSnS₄,,http://commons.wikimedia.org/wiki/Special:FilePath/Mineralogy%20and%20Distribution%20of%20Critical%20Elements%20in%20the%20Sn%E2%80%93W%E2%80%93Pb%E2%80%93Ag%E2%80%93Zn%20Huanuni%20Deposit%2C%20Bolivia%20-%20Figure%204b%20%28cropped%29.png,http://www.wikidata.org/entity/Q503601,,
http://www.wikidata.org/entity/Q407251,钒铅矿,3,6.88,Pb₅(VO₄)₃Cl,http://www.wikidata.org/entity/Q737438,http://commons.wikimedia.org/wiki/Special:FilePath/Vanadinite%20-%20ACF%20mine%2C%20Mibladen%2C%20Morocco.jpg,http://www.wikidata.org/entity/Q663314,,
http://www.wikidata.org/entity/Q3901686,phosphofibrite,4,,"(H₂O,K)₃,₅Fe₈(PO₄)₆(OH)₇·5H₂O",,http://commons.wikimedia.org/wiki/Special:FilePath/Phosphofibrite.jpg,http://www.wikidata.org/entity/Q624543,,
http://www.wikidata.org/entity/Q3855102,mereheadite,3.5,,Pb₄₇Cl₂₅(OH)₁₃O₂₄(CO₃)(BO₃)₂,,,,,
http://www.wikidata.org/entity/Q421092,wulfenite,3,6.75,PbMoO₄,http://www.wikidata.org/entity/Q737438,http://commons.wikimedia.org/wiki/Special:FilePath/Wulfenite%20-%20Red%20Cloud%20mine%2C%20La%20Paz%20Co.%2C%20Arizona%2C%20USA.jpg,http://www.wikidata.org/entity/Q503601,,
http://www.wikidata.org/entity/Q411922,sartorite,3,,PbAs₂S₄,,http://commons.wikimedia.org/wiki/Special:FilePath/Sartorite-tuc1053c.jpg,http://www.wikidata.org/entity/Q624543,,
http://www.wikidata.org/entity/Q388053,kieserite,3.5,,MgSO₄·H₂O,,http://commons.wikimedia.org/wiki/Special:FilePath/Kieseriet%20%28Kieserite%29.jpg,http://www.wikidata.org/entity/Q624543,,
http://www.wikidata.org/entity/Q3771933,glaukosphaerite,3.5,,CuNi(CO₃)(OH)₂,http://www.wikidata.org/entity/Q3133,http://commons.wikimedia.org/wiki/Special:FilePath/Glaukosphaerite-sea45c.jpg,http://www.wikidata.org/entity/Q624543,,
http://www.wikidata.org/entity/Q421944,磁黄铁矿,4,,Fe₇S₈,http://www.wikidata.org/entity/Q2778382,http://commons.wikimedia.org/wiki/Special:FilePath/Mus%C3%A9um%20de%20Nantes%20-%20023%20-%20Pyrrhotite%20%28Russie%29.jpg,http://www.wikidata.org/entity/Q624543,,
http://www.wikidata.org/entity/Q421944,磁黄铁矿,4,,Fe₇S₈,http://www.wikidata.org/entity/Q2778382,http://commons.wikimedia.org/wiki/Special:FilePath/Mus%C3%A9um%20de%20Nantes%20-%20023%20-%20Pyrrhotite%20%28Russie%29.jpg,http://www.wikidata.org/entity/Q663314,,
http://www.wikidata.org/entity/Q108694,斑铜矿,3,5.1,Cu₅FeS₄,,http://commons.wikimedia.org/wiki/Special:FilePath/Bornite-105006.jpg,http://www.wikidata.org/entity/Q648961,,
http://www.wikidata.org/entity/Q3963207,sobolevskite,4,,"Pd(Bi,Te)",,http://commons.wikimedia.org/wiki/Special:FilePath/Sobolevskite%20%26%20Insizwaite.jpg,http://www.wikidata.org/entity/Q663314,,
http://www.wikidata.org/entity/Q422827,菱锶矿,3.5,3.78,SrCO₃,,http://commons.wikimedia.org/wiki/Special:FilePath/Mineraly.sk%20-%20stroncianit.jpg,http://www.wikidata.org/entity/Q648961,,
http://www.wikidata.org/entity/Q102151,萤石,4,,CaF₂,http://www.wikidata.org/entity/Q208045,http://commons.wikimedia.org/wiki/Special:FilePath/Fluorine%20MHNT.MIN.2010.16.1.jpg,http://www.wikidata.org/entity/Q473227,,
http://www.wikidata.org/entity/Q3815105,kidwellite,3,3.34,NaFe³⁺₉₊ₓ(PO₄)₆(OH)₁₁·3H₂O (x ≈ 0.33),http://www.wikidata.org/entity/Q21864306,http://commons.wikimedia.org/wiki/Special:FilePath/Kidwellite-132867.jpg,http://www.wikidata.org/entity/Q624543,,
http://www.wikidata.org/entity/Q3815105,kidwellite,3,3.34,NaFe³⁺₉₊ₓ(PO₄)₆(OH)₁₁·3H₂O (x ≈ 0.33),http://www.wikidata.org/entity/Q21864306,http://commons.wikimedia.org/wiki/Special:FilePath/Kidwellite-160225.jpg,http://www.wikidata.org/entity/Q624543,,
http://www.wikidata.org/entity/Q102151,萤石,4,,CaF₂,http://www.wikidata.org/entity/Q429220,http://commons.wikimedia.org/wiki/Special:FilePath/Fluorine%20MHNT.MIN.2010.16.1.jpg,http://www.wikidata.org/entity/Q473227,,
http://www.wikidata.org/entity/Q413314,bournonite,3,,CuPbSbS₃,,http://commons.wikimedia.org/wiki/Special:FilePath/2522M-bournonite1.jpg,http://www.wikidata.org/entity/Q648961,,
http://www.wikidata.org/entity/Q2479128,cuprosklodowskite,4,,Cu(UO₂)₂(SiO₃OH)₂·6H₂O,,http://commons.wikimedia.org/wiki/Special:FilePath/Cuprosklodowskite.jpg,http://www.wikidata.org/entity/Q376927,,
http://www.wikidata.org/entity/Q102151,萤石,4,,CaF₂,http://www.wikidata.org/entity/Q5069879,http://commons.wikimedia.org/wiki/Special:FilePath/Fluorine%20MHNT.MIN.2010.16.1.jpg,http://www.wikidata.org/entity/Q473227,,
http://www.wikidata.org/entity/Q1056657,arsenic (native),3.5,5.68,As,,http://commons.wikimedia.org/wiki/Special:FilePath/Arsenic-4jg33a.jpg,http://www.wikidata.org/entity/Q588274,,
http://www.wikidata.org/entity/Q252287,aphthitalite,3,,K₃Na(SO₄)₂,,http://commons.wikimedia.org/wiki/Special:FilePath/Aphthitalite-180031.jpg,http://www.wikidata.org/entity/Q588274,,
http://www.wikidata.org/entity/Q423458,anapaite,3.5,2.81,Ca₂Fe²⁺(PO₄)₂·4H₂O,,http://commons.wikimedia.org/wiki/Special:FilePath/Anapaite-mrz184b.jpg,http://www.wikidata.org/entity/Q376927,,
http://www.wikidata.org/entity/Q3815105,kidwellite,3,3.34,NaFe³⁺₉₊ₓ(PO₄)₆(OH)₁₁·3H₂O (x ≈ 0.33),http://www.wikidata.org/entity/Q4405716,http://commons.wikimedia.org/wiki/Special:FilePath/Kidwellite-132867.jpg,http://www.wikidata.org/entity/Q624543,,
http://www.wikidata.org/entity/Q3815105,kidwellite,3,3.34,NaFe³⁺₉₊ₓ(PO₄)₆(OH)₁₁·3H₂O (x ≈ 0.33),http://www.wikidata.org/entity/Q4405716,http://commons.wikimedia.org/wiki/Special:FilePath/Kidwellite-160225.jpg,http://www.wikidata.org/entity/Q624543,,
http://www.wikidata.org/entity/Q943376,lévyne-Ca,4,,Ca₃(Si₁₂Al₆)O₃₆·18H₂O,,http://commons.wikimedia.org/wiki/Special:FilePath/Levyne-98038.jpg,http://www.wikidata.org/entity/Q588274,,
http://www.wikidata.org/entity/Q193450,蓝晶石,4.5,,Al₂OSiO₄,,http://commons.wikimedia.org/wiki/Special:FilePath/KyaniteUSGOV.jpg,http://www.wikidata.org/entity/Q376927,,
http://www.wikidata.org/entity/Q3637915,bementite,6,,Mn₇Si₆O₁₅(OH)₈,,http://commons.wikimedia.org/wiki/Special:FilePath/Bementite-sea25d.jpg,http://www.wikidata.org/entity/Q624543,,
http://www.wikidata.org/entity/Q3909498,potassic-ferri-leakeite,5,,KNa₂(Mg₂Fe³⁺₂Li)Si₈O₂₂(OH)₂,http://www.wikidata.org/entity/Q47071,,http://www.wikidata.org/entity/Q624543,,
http://www.wikidata.org/entity/Q3746703,florensovite,5,,Cu(Cr₁.₅Sb₀.₅)S₄,http://www.wikidata.org/entity/Q23445,,http://www.wikidata.org/entity/Q473227,,
http://www.wikidata.org/entity/Q409787,钙钛矿,5.5,4,CaTiO₃,,http://commons.wikimedia.org/wiki/Special:FilePath/Perovskite%20-%20Perovskite%20Hill%2C%20Magnet%20Cove%2C%20Hot%20Spring%20Co%2C%20Arkansas%2C%20USA.jpg,http://www.wikidata.org/entity/Q648961,,
http://www.wikidata.org/entity/Q3909493,potassic-ferro-ferri-sadanagaite,5.8,,KCa₂Fe²⁺₃Fe³⁺₂(Si₅Al₃)O₂₂(OH)₂,http://www.wikidata.org/entity/Q23445,,http://www.wikidata.org/entity/Q624543,,
http://www.wikidata.org/entity/Q3746854,fluoro-nybøite,6,,NaNa₂(Mg₃Al₂)(Si₇Al)O₂₂F₂,http://www.wikidata.org/entity/Q42519,,http://www.wikidata.org/entity/Q624543,,
http://www.wikidata.org/entity/Q3743261,ferro-pargasite,5.5,,NaCa₂(Fe²⁺₄Al)(Si₆Al₂)O₂₂(OH)₂,,http://commons.wikimedia.org/wiki/Special:FilePath/Feropargasita.jpg,http://www.wikidata.org/entity/Q624543,,
http://www.wikidata.org/entity/Q3743261,ferro-pargasite,5.5,,NaCa₂(Fe²⁺₄Al)(Si₆Al₂)O₂₂(OH)₂,,http://commons.wikimedia.org/wiki/Special:FilePath/Ferropargasita%20Cala%2020170317.jpg,http://www.wikidata.org/entity/Q624543,,
http://www.wikidata.org/entity/Q415856,gersdorffite,5.5,5.9,NiAsS,,http://commons.wikimedia.org/wiki/Special:FilePath/Gersdorffite.jpg,http://www.wikidata.org/entity/Q473227,,
http://www.wikidata.org/entity/Q409139,willemite,5.5,,Zn₂SiO₄,,http://commons.wikimedia.org/wiki/Special:FilePath/Willemite-130544.jpg,http://www.wikidata.org/entity/Q588274,,
http://www.wikidata.org/entity/Q50769,黄铁矿,6,5.025,FeS₂,http://www.wikidata.org/entity/Q2722041,http://commons.wikimedia.org/wiki/Special:FilePath/Pyrite%20-%20Huanzala%20mine%2C%20Huallanca%2C%20Bolognesi%2C%20Ancash%2C%20Peru.jpg,http://www.wikidata.org/entity/Q473227,,
http://www.wikidata.org/entity/Q3613401,barroisite,5.5,,☐NaCa[Mg₃Al₂](Si₇Al)O₂₂(OH)₂,,,http://www.wikidata.org/entity/Q624543,,
http://www.wikidata.org/entity/Q3746850,magnesio-fluoro-arfvedsonite,5.5,,NaNa₂(Mg₄Fe³⁺)Si₈O₂₂F₂,http://www.wikidata.org/entity/Q42519,,http://www.wikidata.org/entity/Q624543,,
http://www.wikidata.org/entity/Q17466462,potassic-fluoro-hastingsite,6,,KCa₂(Fe²⁺₄Fe³⁺)(Si₆Al₂)O₂₂F₂,,http://commons.wikimedia.org/wiki/Special:FilePath/Potassic-fluoro-hastingsite-724741.jpg,http://www.wikidata.org/entity/Q624543,,
http://www.wikidata.org/entity/Q3879968,nybøite,6,,NaNa₂(Mg₃Al₂)(Si₇Al)O₂₂(OH)₂,,http://commons.wikimedia.org/wiki/Special:FilePath/Nyb%C3%B8ite-612653.jpg,http://www.wikidata.org/entity/Q624543,,
http://www.wikidata.org/entity/Q1071200,fluoro-richterite,5.5,,Na(NaCa)Mg₅Si₈O₂₂F₂,,http://commons.wikimedia.org/wiki/Special:FilePath/Fluororichterite-Calcite-280570.jpg,http://www.wikidata.org/entity/Q624543,,
http://www.wikidata.org/entity/Q3612730,almarudite,6,,"K(☐,Na)₂(Mn,Fe,Mg)₂[(Be,Al)₃Si₁₂]O₃₀",,,http://www.wikidata.org/entity/Q663314,,
http://www.wikidata.org/entity/Q3829223,ferri-leakeite,6,,NaNa₂(Mg₂Fe³⁺₂Li)Si₈O₂₂(OH)₂,,http://commons.wikimedia.org/wiki/Special:FilePath/Ferri-leakeite.jpg,http://www.wikidata.org/entity/Q624543,,
http://www.wikidata.org/entity/Q1427157,larnite,6,,Ca₂SiO₄,,http://commons.wikimedia.org/wiki/Special:FilePath/BSE%20images%20of%20nataliakulikite%20in%20larnite-gehlenite%20rock%20%286%29.png,http://www.wikidata.org/entity/Q624543,,
http://www.wikidata.org/entity/Q424367,锰橄榄石,6,,Mn²⁺₂SiO₄,,http://commons.wikimedia.org/wiki/Special:FilePath/Tephroite%20and%20Willemite%20-%20Franklin%20Mine%2C%20Sussex%20County%2C%20New%20Jersey%2C%20USA.jpg,http://www.wikidata.org/entity/Q648961,,
http://www.wikidata.org/entity/Q2419574,clinohumite,6,,Mg₉(SiO₄)₄F₂,,http://commons.wikimedia.org/wiki/Special:FilePath/Clinohumite-d06-48b.jpg,http://www.wikidata.org/entity/Q624543,,
http://www.wikidata.org/entity/Q256865,riebeckite,6,,☐Na₂(Fe²⁺₃Fe³⁺₂)Si₂O₂₂(OH)₂,,http://commons.wikimedia.org/wiki/Special:FilePath/Riebeckite-210685.jpg,http://www.wikidata.org/entity/Q624543,,
http://www.wikidata.org/entity/Q3743205,ferro-actinolite,5.5,,☐Ca₂Fe²⁺₅Si₈O₂₂(OH)₂,,,http://www.wikidata.org/entity/Q624543,,
http://www.wikidata.org/entity/Q3743242,ferro-holmquistite,5.5,,☐Li₂(Fe²⁺₃Al₂)Si₈O₂₂(OH)₂,,,http://www.wikidata.org/entity/Q648961,,
http://www.wikidata.org/entity/Q3655162,cancrisilite,5,,Na₇(Si₇Al₅)O₂₄(CO₃)·3H₂O,,http://commons.wikimedia.org/wiki/Special:FilePath/Cancrisilite.jpg,http://www.wikidata.org/entity/Q663314,,
http://www.wikidata.org/entity/Q377280,titanite,5.5,,CaTiSiO₅,,http://commons.wikimedia.org/wiki/Special:FilePath/Titanite%20crystals%20on%20Amphibole%20-%20Ochtendung%2C%20Eifel%2C%20Germany.jpg,http://www.wikidata.org/entity/Q624543,,
http://www.wikidata.org/entity/Q3746848,fluoro-edenite,5.5,,"{Na}{Ca₂}{Mg₅}(AlSi₇O₂₂)(F,OH)₂",,http://commons.wikimedia.org/wiki/Special:FilePath/Fluoro-edenite9388-9.jpg,http://www.wikidata.org/entity/Q624543,,
http://www.wikidata.org/entity/Q411137,benitoite,6,,,,http://commons.wikimedia.org/wiki/Special:FilePath/Benitoite%20HD.jpg,http://www.wikidata.org/entity/Q663314,,
http://www.wikidata.org/entity/Q18123026,fluoro-leakeite,6,,NaNa₂(Mg₂Al₂Li)Si₈O₂₂F₂,,,http://www.wikidata.org/entity/Q624543,,
http://www.wikidata.org/entity/Q423010,斜方铁辉石,5.5,3.2,Mg₂Si₂O₆,,http://commons.wikimedia.org/wiki/Special:FilePath/Enstatite-USGS-BYU492.jpg,http://www.wikidata.org/entity/Q648961,,
http://www.wikidata.org/entity/Q18059147,potassic-magnesio-fluoro-arfvedsonite,6,,KNa₂(Mg₄Fe³⁺)Si₈O₂₂F₂,,,http://www.wikidata.org/entity/Q624543,,
http://www.wikidata.org/entity/Q3675284,potassic-chloro-hastingsite,5,,KCa₂(Fe²⁺₄Fe³⁺)(Si₆Al₂)O₂₂Cl₂,,,http://www.wikidata.org/entity/Q624543,,
http://www.wikidata.org/entity/Q421841,微斜长石,6,,KAlSi₃O₈,,http://commons.wikimedia.org/wiki/Special:FilePath/Microcline-fel1c.jpg,http://www.wikidata.org/entity/Q376927,,
http://www.wikidata.org/entity/Q19357351,ferro-fluoro-pedrizite,6,,NaLi₂(Fe²⁺₂Al₂Li)Si₈O₂₂F₂,,,http://www.wikidata.org/entity/Q624543,,
http://www.wikidata.org/entity/Q3973788,stokesite,6,,CaSn[Si₃O₉] * 2H₂O,,http://commons.wikimedia.org/wiki/Special:FilePath/Stokesite-176291.jpg,http://www.wikidata.org/entity/Q648961,,
http://www.wikidata.org/entity/Q3973788,stokesite,6,,CaSn[Si₃O₉] * 2H₂O,,http://commons.wikimedia.org/wiki/Special:FilePath/Stokesite-Albite-221148.jpg,http://www.wikidata.org/entity/Q648961,,
http://www.wikidata.org/entity/Q2574989,loparite,5.75,4.765,(Na₀.₅REE₀.₅)TiO₃,,http://commons.wikimedia.org/wiki/Special:FilePath/Loparite-%28Ce%29-41714.jpg,,,
http://www.wikidata.org/entity/Q10914750,lazurite,5.5,,Na[(AlSiO4)SO4],,http://commons.wikimedia.org/wiki/Special:FilePath/Lazurite.jpg,http://www.wikidata.org/entity/Q473227,,
http://www.wikidata.org/entity/Q3696364,cowlesite,5,,Ca(Al₂Si₃)O₁₀·(5-6)H₂O,,http://commons.wikimedia.org/wiki/Special:FilePath/Cowlesite-202090.jpg,http://www.wikidata.org/entity/Q648961,,
http://www.wikidata.org/entity/Q190729,钛铁矿,5.5,4.72,Fe²⁺Ti⁴⁺O₃,,http://commons.wikimedia.org/wiki/Special:FilePath/Ilmenite-173863.jpg,http://www.wikidata.org/entity/Q588274,,
http://www.wikidata.org/entity/Q3644992,britholite-(Y),5,,"(Y,Ca)₅(SiO₄)₃OH",,,,,
http://www.wikidata.org/entity/Q1113914,belovite-(Ce),5,,NaCeSr₃(PO₄)₃F,,http://commons.wikimedia.org/wiki/Special:FilePath/Belovite-%28Ce%29%2C%20Umbozerite%2C%20S%C3%A9randite%2C%20Shkatulkalite-576104.jpg,http://www.wikidata.org/entity/Q588274,,
http://www.wikidata.org/entity/Q3874539,neltnerite,6,,CaMn³⁺₆(SiO₄)O₈,,http://commons.wikimedia.org/wiki/Special:FilePath/Neltnerite.jpg,http://www.wikidata.org/entity/Q503601,,
http://www.wikidata.org/entity/Q3743202,ferri-winchite,5.5,,☐(NaCa)(Mg₄Fe³⁺)Si₈O₂₂(OH)₂,http://www.wikidata.org/entity/Q23445,,http://www.wikidata.org/entity/Q624543,,
http://www.wikidata.org/entity/Q2056968,pargasite,5.5,,NaCa₂(Mg₄Al)(Si₆Al₂)O₂₂(OH)₂,,http://commons.wikimedia.org/wiki/Special:FilePath/Pargasite-ww49b.jpg,http://www.wikidata.org/entity/Q624543,,
http://www.wikidata.org/entity/Q3813088,karlite,5.5,,"Mg₇(BO₃)₃(OH,Cl)₅",,http://commons.wikimedia.org/wiki/Special:FilePath/Karlite.jpg,http://www.wikidata.org/entity/Q648961,,
http://www.wikidata.org/entity/Q3817799,mangano-ferri-eckermannite,5,,NaNa₂(Mn²⁺₄Fe³⁺)Si₈O₂₂(OH)₂,,,http://www.wikidata.org/entity/Q624543,,
http://www.wikidata.org/entity/Q3664062,cebollite,5,,Ca₅Al₂(SiO₄)₃(OH)₄,,http://commons.wikimedia.org/wiki/Special:FilePath/Cebollite.jpg,http://www.wikidata.org/.well-known/genid/149e7414e4fefa8ebb720750a9261108,,
http://www.wikidata.org/entity/Q50769,黄铁矿,6,5.025,FeS₂,http://www.wikidata.org/entity/Q208045,http://commons.wikimedia.org/wiki/Special:FilePath/Pyrite%20-%20Huanzala%20mine%2C%20Huallanca%2C%20Bolognesi%2C%20Ancash%2C%20Peru.jpg,http://www.wikidata.org/entity/Q473227,,
http://www.wikidata.org/entity/Q3616796,angelellite,5.5,,Fe³⁺₄(AsO₄)₂O₃,,,http://www.wikidata.org/entity/Q376927,,
http://www.wikidata.org/entity/Q604784,glaucodot,5,6.06,(Co₀.₅Fe₀.₅)AsS,,http://commons.wikimedia.org/wiki/Special:FilePath/Glaucodot-169959.jpg,http://www.wikidata.org/entity/Q648961,,
http://www.wikidata.org/entity/Q181395,磁铁矿,6,5.175,Fe²⁺Fe³⁺₂O₄,,http://commons.wikimedia.org/wiki/Special:FilePath/Magnetite.jpg,http://www.wikidata.org/entity/Q473227,,
http://www.wikidata.org/entity/Q1070871,edenite,5.5,,NaCa₂Mg₅(Si₇Al)O₂₂(OH)₂,,http://commons.wikimedia.org/wiki/Special:FilePath/Edenite-188165.jpg,http://www.wikidata.org/entity/Q624543,,
http://www.wikidata.org/entity/Q3808760,joesmithite,5.5,,PbCa₂(Mg₃Fe³⁺₂)(Be₂Si₆)O₂₂(OH)₂,http://www.wikidata.org/entity/Q23445,,http://www.wikidata.org/entity/Q624543,,
http://www.wikidata.org/entity/Q410583,lepidocrocite,5,,Fe³⁺O(OH),,http://commons.wikimedia.org/wiki/Special:FilePath/Lepidocrocite-170213.jpg,http://www.wikidata.org/entity/Q648961,,
http://www.wikidata.org/entity/Q420924,磁赤铁矿,6,,(Fe³⁺₀.₆₇☐₀.₃₃)Fe³⁺₂O₄,,http://commons.wikimedia.org/wiki/Special:FilePath/Maghemite%20-%20Mineralogisches%20Museum%20Bonn.jpg,http://www.wikidata.org/entity/Q473227,,
http://www.wikidata.org/entity/Q935595,hatrurite,6,,Ca₃SiO₅,http://www.wikidata.org/entity/Q1396399,,,,
http://www.wikidata.org/entity/Q3631555,azoproite,5.5,,"Mg₂[(Ti,Mg),Fe³⁺]O₂BO₃",http://www.wikidata.org/entity/Q23445,http://commons.wikimedia.org/wiki/Special:FilePath/Azoproite.jpg,http://www.wikidata.org/entity/Q648961,,
http://www.wikidata.org/entity/Q11295066,potassic-ferro-sadanagaite,6,,KCa₂(Fe²⁺₃Al₂)(Si₅Al₃)O₂₂(OH)₂,,,http://www.wikidata.org/entity/Q624543,,
http://www.wikidata.org/entity/Q107172,铬铁矿,5.5,,Fe²⁺Cr₂O₄,,http://commons.wikimedia.org/wiki/Special:FilePath/ChromiteUSGOV.jpg,http://www.wikidata.org/entity/Q473227,,
http://www.wikidata.org/entity/Q3746853,fluoro-cannilloite,6,,CaCa₂(Mg₄Al)(Si₅Al₃)O₂₂F₂,http://www.wikidata.org/entity/Q3133,http://commons.wikimedia.org/wiki/Special:FilePath/Fluorcannilloite.jpg,http://www.wikidata.org/entity/Q624543,,
http://www.wikidata.org/entity/Q3746853,fluoro-cannilloite,6,,CaCa₂(Mg₄Al)(Si₅Al₃)O₂₂F₂,http://www.wikidata.org/entity/Q42519,http://commons.wikimedia.org/wiki/Special:FilePath/Fluorcannilloite.jpg,http://www.wikidata.org/entity/Q624543,,
http://www.wikidata.org/entity/Q426723,透长石,6,,KAlSi₃O₈,,http://commons.wikimedia.org/wiki/Special:FilePath/Sanidine-477065.jpg,http://www.wikidata.org/entity/Q624543,,
http://www.wikidata.org/entity/Q1956872,spurrite,5,,Ca₅(SiO₄)₂(CO₃),,http://commons.wikimedia.org/wiki/Special:FilePath/Spurrite-540261.jpg,,,
http://www.wikidata.org/entity/Q424781,jimboite,5.5,,Mn²⁺₃[BO₃]₂,,http://commons.wikimedia.org/wiki/Special:FilePath/Jimboite%20displayed%20at%20Mining%20Museum%20of%20Akita%20University.jpg,http://www.wikidata.org/entity/Q648961,,
http://www.wikidata.org/entity/Q17449767,oxo-magnesio-hastingsite,6,,NaCa₂(Mg₂Fe³⁺₃)(Si₆Al₂)O₂₂O₂,http://www.wikidata.org/entity/Q47071,http://commons.wikimedia.org/wiki/Special:FilePath/Oxo-magnesio-hastingsite.jpg,http://www.wikidata.org/entity/Q624543,,
http://www.wikidata.org/entity/Q782498,humite,6,,"Mg₇(SiO₄)₃(F,OH)₂",,http://commons.wikimedia.org/wiki/Special:FilePath/Humite-155030.jpg,http://www.wikidata.org/entity/Q648961,,
http://www.wikidata.org/entity/Q3924319,proto-ferro-suenoite,5.5,,☐Mn₂²⁺Fe₅²⁺Si₈O₂₂(OH)₂,,http://commons.wikimedia.org/wiki/Special:FilePath/Proto-ferro-suenoite.jpg,http://www.wikidata.org/entity/Q648961,,
http://www.wikidata.org/entity/Q3041518,durangite,5.5,,NaAlAsO₄F,,http://commons.wikimedia.org/wiki/Special:FilePath/Durangite-188720.jpg,,,
http://www.wikidata.org/entity/Q1070842,tschermakite,5.5,,☐Ca₂(Mg₃Al₂)Si₆Al₂O₂₂(OH)₂,,http://commons.wikimedia.org/wiki/Special:FilePath/Zo%C3%AFsite.jpg,http://www.wikidata.org/entity/Q624543,,
http://www.wikidata.org/entity/Q1811308,lechatelierite,5.5,2.115,SiO₂,,http://commons.wikimedia.org/wiki/Special:FilePath/Lechatelierite-224100.jpg,http://www.wikidata.org/entity/Q103382,,
http://www.wikidata.org/entity/Q17166284,potassic-ferro-pargasite,6,,KCa₂(Fe²⁺₄Al)(Si₆Al₂)O₂₂(OH)₂,http://www.wikidata.org/entity/Q23445,,http://www.wikidata.org/entity/Q624543,,
http://www.wikidata.org/entity/Q410759,sodalite,6,,Na₄Si₃Al₃O₁₂Cl,,http://commons.wikimedia.org/wiki/Special:FilePath/Sodalith%20-%20Rohstein.jpg,http://www.wikidata.org/entity/Q473227,,
http://www.wikidata.org/entity/Q3716933,dzharkenite,5,,FeSe₂,,http://commons.wikimedia.org/wiki/Special:FilePath/Dzharkenite.jpg,http://www.wikidata.org/entity/Q473227,,
http://www.wikidata.org/entity/Q3743239,ferro-glaucophane,6,,☐Na₂(Fe²⁺₃Al₂)Si₈O₂₂(OH)₂,,http://commons.wikimedia.org/wiki/Special:FilePath/Ferro-glaucophane-773305.jpg,http://www.wikidata.org/entity/Q624543,,
http://www.wikidata.org/entity/Q3637862,belovite-(La),5,,NaLaSr₃(PO₄)₃F,,,http://www.wikidata.org/entity/Q588274,,
http://www.wikidata.org/entity/Q3785368,hetaerolite,6,,ZnMn³⁺₂O₄,,http://commons.wikimedia.org/wiki/Special:FilePath/Hetaerolite-Copper-187660.jpg,http://www.wikidata.org/entity/Q503601,,
http://www.wikidata.org/entity/Q103223,赤铁矿,6,5.1,Fe₂O₃,,http://commons.wikimedia.org/wiki/Special:FilePath/Hematite.jpg,http://www.wikidata.org/entity/Q588274,,
http://www.wikidata.org/entity/Q5381929,eosphorite,5,,Mn²⁺AlPO₄(OH)₂·H₂O,,http://commons.wikimedia.org/wiki/Special:FilePath/Eosphorite-195235.jpg,,,
http://www.wikidata.org/entity/Q4016431,vonsenite,5,,Fe²⁺₂Fe³⁺O₂(BO₃),,http://commons.wikimedia.org/wiki/Special:FilePath/Vonsenite-Burguillos.jpg,http://www.wikidata.org/entity/Q648961,,
http://www.wikidata.org/entity/Q425175,易变辉石,6,,"(Mg,Fe,Ca)SiO₃",,http://commons.wikimedia.org/wiki/Special:FilePath/Pigeonite%2C%20Albite-Anorthite%20Series%2C%20Augite-358246.jpg,http://www.wikidata.org/entity/Q624543,,
http://www.wikidata.org/entity/Q21813710,orthoclase,6,,K(AlSi₃O₈),,http://commons.wikimedia.org/wiki/Special:FilePath/OrthoclaseBresil.jpg,http://www.wikidata.org/entity/Q624543,,
http://www.wikidata.org/entity/Q380674,aegirine,6.3,,NaFe³⁺Si₂O₆,,http://commons.wikimedia.org/wiki/Special:FilePath/Aegirine-Orthoclase-114177.jpg,http://www.wikidata.org/entity/Q624543,,
http://www.wikidata.org/entity/Q3843295,magnesio-hornblende,5.5,,☐Ca₂(Mg₄Al)(Si₇Al)O₂₂(OH)₂,,http://commons.wikimedia.org/wiki/Special:FilePath/Magnesio-hornblende%20%28cropped%29.png,http://www.wikidata.org/entity/Q624543,,
http://www.wikidata.org/entity/Q3843299,potassic-sadanagaite,6,,KCa₂(Mg₃Al₂)(Si₅Al₃)O₂₂(OH)₂,,,http://www.wikidata.org/entity/Q624543,,
http://www.wikidata.org/entity/Q3843298,magnesio-riebeckite,6,,☐Na₂(Mg₃Fe³⁺₂)Si₈O₂₂(OH)₂,,http://commons.wikimedia.org/wiki/Special:FilePath/Quartz-Magnesioriebeckite-118652.jpg,http://www.wikidata.org/entity/Q624543,,
http://www.wikidata.org/entity/Q417518,glaucochroite,6,,CaMn²⁺(SiO₄),,http://commons.wikimedia.org/wiki/Special:FilePath/Glaucochroite-270044.jpg,http://www.wikidata.org/entity/Q648961,,
http://www.wikidata.org/entity/Q18121661,ferro-ferri-fluoro-leakeite,6,,NaNa₂(Fe²⁺₂Fe³⁺₂Li)Si₈O₂₂F₂,,,http://www.wikidata.org/entity/Q624543,,
http://www.wikidata.org/entity/Q413369,青铜矿,5,,CuSiO₃·H₂O,,http://commons.wikimedia.org/wiki/Special:FilePath/Dioptasecongo2.jpg,http://www.wikidata.org/entity/Q588274,,
http://www.wikidata.org/entity/Q2896152,bentorite,2,,Ca₆Cr₂(SO₄)₃(OH)₁₂·26H₂O,,http://commons.wikimedia.org/wiki/Special:FilePath/Bentorite.jpg,http://www.wikidata.org/entity/Q663314,,
http://www.wikidata.org/entity/Q3775858,细硫砷铅矿,2.5,,Pb₉As₄S₁₅,,http://commons.wikimedia.org/wiki/Special:FilePath/Gratonite-rare08-42b.jpg,http://www.wikidata.org/entity/Q588274,,
http://www.wikidata.org/entity/Q3984844,teruggite,2.5,,Ca₄Mg[AsO₄|B₆O₇(OH)₆]₂·14H₂O,,http://commons.wikimedia.org/wiki/Special:FilePath/Teruggite.jpg,http://www.wikidata.org/entity/Q624543,,
http://www.wikidata.org/entity/Q134583,滑石,1,2.75,,,http://commons.wikimedia.org/wiki/Special:FilePath/Talc%20mutnikSVK01.JPG,http://www.wikidata.org/entity/Q663314,,
http://www.wikidata.org/entity/Q414816,coquimbite,2,,,,http://commons.wikimedia.org/wiki/Special:FilePath/Coquimbite-112484.jpg,http://www.wikidata.org/entity/Q588274,,
http://www.wikidata.org/entity/Q409611,冰硼钠石,2.5,,NaCaB₅O₆(OH)₆·5H₂O,,http://commons.wikimedia.org/wiki/Special:FilePath/Ulexite-39574.jpg,http://www.wikidata.org/entity/Q376927,,
http://www.wikidata.org/entity/Q410592,角银矿,2.5,,AgCl,,http://commons.wikimedia.org/wiki/Special:FilePath/Chlorargyrite-Iodargyrite-ea16c.jpg,http://www.wikidata.org/entity/Q473227,,
http://www.wikidata.org/entity/Q19614624,ice,1.5,0.9167,H₂O,http://www.wikidata.org/entity/Q1396399,http://commons.wikimedia.org/wiki/Special:FilePath/Mineral%20Ice.JPG,http://www.wikidata.org/entity/Q663314,,
http://www.wikidata.org/entity/Q427329,天然碳酸钠,1.5,,Na₂CO₃·10H₂O,,http://commons.wikimedia.org/wiki/Special:FilePath/Natron.jpg,http://www.wikidata.org/entity/Q624543,,
http://www.wikidata.org/entity/Q1057174,native silver,2.75,10.5,Ag,,http://commons.wikimedia.org/wiki/Special:FilePath/Acanthite-Silver-imiter4.jpg,http://www.wikidata.org/entity/Q473227,,
http://www.wikidata.org/entity/Q410267,melanterite,2,,Fe²⁺SO₄·7H₂O,,http://commons.wikimedia.org/wiki/Special:FilePath/Melanterite-657241.jpg,http://www.wikidata.org/entity/Q624543,,
http://www.wikidata.org/entity/Q19833634,ferrisepiolite,2,,"(Fe³⁺,Fe²⁺,Mg)₄[(Si,Fe³⁺)₆O₁₅](O,OH)₂·6H₂O",,,http://www.wikidata.org/entity/Q648961,,
http://www.wikidata.org/entity/Q19833634,ferrisepiolite,2.5,,"(Fe³⁺,Fe²⁺,Mg)₄[(Si,Fe³⁺)₆O₁₅](O,OH)₂·6H₂O",,,http://www.wikidata.org/entity/Q648961,,
http://www.wikidata.org/entity/Q3806070,jacquesdietrichite,2,,Cu₂(H₂BO₃)(OH)₃,,,http://www.wikidata.org/entity/Q648961,,
http://www.wikidata.org/entity/Q19861311,suhailite,2.5,,(NH₄)Fe²⁺₃(Si₃Al)O₁₀(OH)₂,,,http://www.wikidata.org/entity/Q624543,,
http://www.wikidata.org/entity/Q416203,patrónite,2,,VS₄,,http://commons.wikimedia.org/wiki/Special:FilePath/Patr%C3%B3nite%20-%20Mineralogisches%20Museum%20Bonn.jpg,http://www.wikidata.org/entity/Q624543,,
http://www.wikidata.org/entity/Q409091,sylvite,2,1987,KCl,,http://commons.wikimedia.org/wiki/Special:FilePath/Mineral%20Silvina%20GDFL105.jpg,http://www.wikidata.org/entity/Q473227,,
http://www.wikidata.org/entity/Q3608887,albrechtschraufite,2.75,2.6,MgCa₄F₂[UO₂(CO₃)₃]₂·17-18H₂O,,,http://www.wikidata.org/entity/Q376927,,
http://www.wikidata.org/entity/Q1065167,fornacite,2.5,6.27,CuPb₂(CrO₄)(AsO₄)(OH),,http://commons.wikimedia.org/wiki/Special:FilePath/Fornacite.jpg,http://www.wikidata.org/entity/Q624543,,
http://www.wikidata.org/entity/Q3743198,ferrisymplesite,2.5,,Fe³⁺₃(AsO₄)₂(OH)₃·5H₂O,,http://commons.wikimedia.org/wiki/Special:FilePath/Ferrisymplesite7783.jpg,http://www.wikidata.org/.well-known/genid/0013a2acf48f587b73fd9db69b4a8f6c,,
http://www.wikidata.org/entity/Q1071172,zhemchuzhnikovite,2,,NaMgAl(C₂O₄)₃·9H₂O,,,http://www.wikidata.org/entity/Q588274,,
http://www.wikidata.org/entity/Q3627906,athabascaite,2.5,,Cu₅Se₄,,http://commons.wikimedia.org/wiki/Special:FilePath/Athabascaite.jpg,http://www.wikidata.org/entity/Q648961,,
http://www.wikidata.org/entity/Q583353,native copper,2.75,8.5,Cu,,http://commons.wikimedia.org/wiki/Special:FilePath/Copper-21991.jpg,http://www.wikidata.org/entity/Q473227,,
http://www.wikidata.org/entity/Q409781,光卤石,2.5,,KMgCl₃·6H₂O,,http://commons.wikimedia.org/wiki/Special:FilePath/Carnalita.jpg,http://www.wikidata.org/entity/Q648961,,
http://www.wikidata.org/entity/Q194358,蛭石,1.3,2.55,"Mg₀.₇(Mg,Fe,Al)₆(Si,Al)₈O₂₀(OH)₄ * 8H₂O",,http://commons.wikimedia.org/wiki/Special:FilePath/VermiculiteUSGOV.jpg,http://www.wikidata.org/entity/Q624543,,
http://www.wikidata.org/entity/Q1070585,iowaite,1.5,2.1,Mg₆Fe³⁺₂(OH)₁₆Cl₂·4H₂O,,http://commons.wikimedia.org/wiki/Special:FilePath/Iowaite-605914.jpg,http://www.wikidata.org/entity/Q663314,,
http://www.wikidata.org/entity/Q1066160,zippeite,2,,K₃(UO₂)₄(SO₄)₂O₃(OH)·3H₂O,,http://commons.wikimedia.org/wiki/Special:FilePath/Zippeite-206357.jpg,http://www.wikidata.org/entity/Q624543,,
http://www.wikidata.org/entity/Q19614624,ice,1.5,0.9167,H₂O,http://www.wikidata.org/entity/Q23444,http://commons.wikimedia.org/wiki/Special:FilePath/Mineral%20Ice.JPG,http://www.wikidata.org/entity/Q663314,,
http://www.wikidata.org/entity/Q421092,wulfenite,2.5,6.75,PbMoO₄,http://www.wikidata.org/entity/Q737438,http://commons.wikimedia.org/wiki/Special:FilePath/Wulfenite%20-%20Red%20Cloud%20mine%2C%20La%20Paz%20Co.%2C%20Arizona%2C%20USA.jpg,http://www.wikidata.org/entity/Q503601,,
http://www.wikidata.org/entity/Q3853402,mcguinnessite,2.5,,CuMgCO₃(OH)₂,,http://commons.wikimedia.org/wiki/Special:FilePath/Mcguinnessite-111358.jpg,http://www.wikidata.org/entity/Q624543,,
http://www.wikidata.org/entity/Q409100,钒酸钾铀矿,2,,K₂(UO₂)₂(VO₄)₂·3H₂O,,http://commons.wikimedia.org/wiki/Special:FilePath/Carnotite%20AZ%20AndersonMine%20PvdL-9.jpg,http://www.wikidata.org/entity/Q624543,,
http://www.wikidata.org/entity/Q3640449,bismuth (native),2.3,9.77,Bi,,http://commons.wikimedia.org/wiki/Special:FilePath/Native%20bismuth1.jpg,http://www.wikidata.org/entity/Q588274,,
http://www.wikidata.org/entity/Q411430,泻利盐,2,1.67,MgSO₄·7H₂O,http://www.wikidata.org/entity/Q23444,http://commons.wikimedia.org/wiki/Special:FilePath/Epsomite.jpg,http://www.wikidata.org/entity/Q648961,,
http://www.wikidata.org/entity/Q134583,滑石,1,2.75,,,http://commons.wikimedia.org/wiki/Special:FilePath/Talc.jpg,http://www.wikidata.org/entity/Q663314,,
http://www.wikidata.org/entity/Q411430,泻利盐,2,1.67,MgSO₄·7H₂O,http://www.wikidata.org/entity/Q42519,http://commons.wikimedia.org/wiki/Special:FilePath/Epsomite.jpg,http://www.wikidata.org/entity/Q648961,,
http://www.wikidata.org/entity/Q1334413,elyite,2,,CuPb₄O₂SO₄(OH)₄·H₂O,,http://commons.wikimedia.org/wiki/Special:FilePath/Elyite-90906.jpg,http://www.wikidata.org/entity/Q624543,,
http://www.wikidata.org/entity/Q429570,heinrichite,2.5,,Ba(UO₂)₂(AsO₄)₂·10H₂O,,http://commons.wikimedia.org/wiki/Special:FilePath/Heinrichite.JPG,http://www.wikidata.org/entity/Q624543,,
http://www.wikidata.org/entity/Q704779,arsenolite,1.5,,As₂O₃,,http://commons.wikimedia.org/wiki/Special:FilePath/Arsenolite-333170.jpg,http://www.wikidata.org/entity/Q473227,,
http://www.wikidata.org/entity/Q414266,sylvanite,1.75,8.1,AgAuTe₄,,http://commons.wikimedia.org/wiki/Special:FilePath/Sylvanite.jpg,http://www.wikidata.org/entity/Q624543,,
http://www.wikidata.org/entity/Q2856416,lizardite,2.5,,Mg₃Si₂O₅(OH)₄,,http://commons.wikimedia.org/wiki/Special:FilePath/Lizardite-362595.jpg,http://www.wikidata.org/entity/Q624543,,
http://www.wikidata.org/entity/Q3814066,kawazulite,1.5,7.79,Bi₂Te₂Se,,http://commons.wikimedia.org/wiki/Special:FilePath/Kawazulite.jpg,,,
http://www.wikidata.org/entity/Q411430,泻利盐,2,1.67,MgSO₄·7H₂O,http://www.wikidata.org/entity/Q11567495,http://commons.wikimedia.org/wiki/Special:FilePath/Epsomite.jpg,http://www.wikidata.org/entity/Q648961,,
http://www.wikidata.org/entity/Q37559,galena,2.75,7.5,PbS,,http://commons.wikimedia.org/wiki/Special:FilePath/Galena-Quartz-Siderite-tuc1028a.jpg,http://www.wikidata.org/entity/Q473227,,
http://www.wikidata.org/entity/Q320694,abhurite,2,,Sn²⁺₂₁O₆(OH)₁₄Cl₁₆,,http://commons.wikimedia.org/wiki/Special:FilePath/Abhurite%20-%20Shipwreck%20Hydra%2C%20South%20coast%20of%20Norway.jpg,http://www.wikidata.org/entity/Q588274,,
http://www.wikidata.org/entity/Q5314,halite,2,,NaCl,,http://commons.wikimedia.org/wiki/Special:FilePath/SaltCrystaUSGOV.jpg,http://www.wikidata.org/entity/Q473227,,
http://www.wikidata.org/entity/Q21484493,alfredopetrovite,2.5,,Al₂(Se⁴⁺O₃)₃·6H₂O,,http://commons.wikimedia.org/wiki/Special:FilePath/Alfredopetrovite%2C%20Ahlfeldite%20%26%20Chalcomenite.jpg,http://www.wikidata.org/entity/Q663314,,
http://www.wikidata.org/entity/Q19860935,lasalite,1,,Na₂Mg₂V₁₀O₂₈·20H₂O,http://www.wikidata.org/entity/Q943,http://commons.wikimedia.org/wiki/Special:FilePath/Lasalite-116343.jpg,http://www.wikidata.org/entity/Q624543,,
http://www.wikidata.org/entity/Q3744517,fichtelite,1,,C₁₉H₃₄,,http://commons.wikimedia.org/wiki/Special:FilePath/Fichtelite.jpg,http://www.wikidata.org/entity/Q624543,,
http://www.wikidata.org/entity/Q3931568,reevesite,2,,Ni₆Fe³⁺₂(OH)₁₆(CO₃) * 4H₂O,,http://commons.wikimedia.org/wiki/Special:FilePath/Reevesite.jpg,http://www.wikidata.org/entity/Q588274,,
http://www.wikidata.org/entity/Q250618,boulangerite,2.75,,Pb₅Sb₄S₁₁,,http://commons.wikimedia.org/wiki/Special:FilePath/Boulangerite-uri-41a.jpg,http://www.wikidata.org/entity/Q624543,,
http://www.wikidata.org/entity/Q3609614,aleksite,2,,PbBi₂Te₂S₂,,http://commons.wikimedia.org/wiki/Special:FilePath/Aleksite.jpg,http://www.wikidata.org/entity/Q588274,,
http://www.wikidata.org/entity/Q408600,schoepite,2.5,,(UO₂)₈O₂(OH)₁₂ * 12H₂O,,http://commons.wikimedia.org/wiki/Special:FilePath/Schoepite-Rutherfordine-214963.jpg,http://www.wikidata.org/entity/Q648961,,
http://www.wikidata.org/entity/Q898406,native gold,2.75,17.4,Au,,http://commons.wikimedia.org/wiki/Special:FilePath/Or%20Venezuela.jpg,http://www.wikidata.org/entity/Q473227,,
http://www.wikidata.org/entity/Q118134,pyrargyrite,2.75,,Ag₃SbS₃,http://www.wikidata.org/entity/Q115944478,http://commons.wikimedia.org/wiki/Special:FilePath/Pyrargyrite-119630.jpg,http://www.wikidata.org/entity/Q588274,,
http://www.wikidata.org/entity/Q422977,phlogopite,2.5,2.815,KMg₃(Si₃Al)O₁₀(OH)₂,,http://commons.wikimedia.org/wiki/Special:FilePath/PhlogopiteMonteSommaIII.jpg,http://www.wikidata.org/entity/Q624543,,
http://www.wikidata.org/entity/Q197005,zeunerite,2.5,,Cu(UO₂)₂(AsO₄)₂·12H₂O,,http://commons.wikimedia.org/wiki/Special:FilePath/Zeunerit%20und%20Uranotil%20auf%20Rauchquarz%20-%20Bergen%2C%20Vogtland-Ausschnitt.jpg,http://www.wikidata.org/entity/Q503601,,
http://www.wikidata.org/entity/Q421092,wulfenite,2.5,6.75,PbMoO₄,http://www.wikidata.org/entity/Q39338,http://commons.wikimedia.org/wiki/Special:FilePath/Wulfenite%20-%20Red%20Cloud%20mine%2C%20La%20Paz%20Co.%2C%20Arizona%2C%20USA.jpg,http://www.wikidata.org/entity/Q503601,,
http://www.wikidata.org/entity/Q19833615,falsterite,2,,Ca₂MgMn²⁺₂Fe²⁺₂Fe³⁺₂Zn₄(PO₄)₈(OH)₄(H₂O)₁₄,http://www.wikidata.org/entity/Q646964,,http://www.wikidata.org/entity/Q624543,,
http://www.wikidata.org/entity/Q425142,铝绿鳞石,2,3,,,http://commons.wikimedia.org/wiki/Special:FilePath/Celadonite-Heulandite-Ca-pkn60a.jpg,http://www.wikidata.org/entity/Q624543,,
http://www.wikidata.org/entity/Q422131,montmorillonite,1.3,1.8,"(Na,Ca)₀.₃₃(Al,Mg)₂(Si₄O₁₀)(OH)₂ * nH₂O",,http://commons.wikimedia.org/wiki/Special:FilePath/Montmorillonite-Quartz-ck29a.jpg,http://www.wikidata.org/entity/Q624543,,
http://www.wikidata.org/entity/Q37559,galena,2.75,7.5,PbS,,http://commons.wikimedia.org/wiki/Special:FilePath/Galena%20-%20Huallanca%2C%20Bologesi%2C%20Ancash%2C%20Peru.jpg,http://www.wikidata.org/entity/Q473227,,
http://www.wikidata.org/entity/Q417794,mackinawite,2.5,,"(Fe,Ni)₉S₈",,http://commons.wikimedia.org/wiki/Special:FilePath/Mackinawite-95018.jpg,http://www.wikidata.org/entity/Q503601,,
http://www.wikidata.org/entity/Q410369,绿铜锌矿,2,,"(Zn,Cu²⁺)₅(CO₃)₂(OH)₆",,http://commons.wikimedia.org/wiki/Special:FilePath/Aurichalcite79%20Mine.jpg,http://www.wikidata.org/entity/Q624543,,
http://www.wikidata.org/entity/Q3876056,nickelhexahydrite,2,2.07,"(Ni,Mg,Fe)SO₄ * 6H₂O",,,http://www.wikidata.org/entity/Q624543,,
http://www.wikidata.org/entity/Q3796422,ilinskite,1.5,,"(Na,K)Cu₅(SeO₃)₂O₂Cl₃",,,http://www.wikidata.org/entity/Q648961,,
http://www.wikidata.org/entity/Q19860935,lasalite,1,,Na₂Mg₂V₁₀O₂₈·20H₂O,http://www.wikidata.org/entity/Q16645086,http://commons.wikimedia.org/wiki/Special:FilePath/Lasalite-116343.jpg,http://www.wikidata.org/entity/Q624543,,
http://www.wikidata.org/entity/Q414096,sepiolite,2,,Mg₄Si₆O₁₅(OH)₂·6H₂O,,http://commons.wikimedia.org/wiki/Special:FilePath/Sepiyolit.jpg,http://www.wikidata.org/entity/Q648961,,
http://www.wikidata.org/entity/Q223197,高岭石,1,,Al₂Si₂O₅(OH)₄,,http://commons.wikimedia.org/wiki/Special:FilePath/Mus%C3%A9um%20de%20Nantes%20-%20178%20-%20Kaolinite%20%28Nantes%2C%20France%29.jpg,http://www.wikidata.org/entity/Q376927,,
http://www.wikidata.org/entity/Q5309,石墨,1.5,2.16,C,,http://commons.wikimedia.org/wiki/Special:FilePath/GraphiteUSGOV.jpg,http://www.wikidata.org/entity/Q663314,,
http://www.wikidata.org/entity/Q414096,sepiolite,2.25,,Mg₄Si₆O₁₅(OH)₂·6H₂O,,http://commons.wikimedia.org/wiki/Special:FilePath/Sepiyolit.jpg,http://www.wikidata.org/entity/Q648961,,
http://www.wikidata.org/entity/Q419292,bismuthinite,2,,Bi₂S₃,,http://commons.wikimedia.org/wiki/Special:FilePath/Bismuthinite.jpg,http://www.wikidata.org/entity/Q648961,,
http://www.wikidata.org/entity/Q82658,石膏,2,2.32,CaSO₄·2H₂O,,http://commons.wikimedia.org/wiki/Special:FilePath/Gypse%20Caresse.jpg,http://www.wikidata.org/entity/Q624543,,
http://www.wikidata.org/entity/Q3621429,arcanite,2,,K₂[SO₄],http://www.wikidata.org/entity/Q943,http://commons.wikimedia.org/wiki/Special:FilePath/Arcanite.jpg,http://www.wikidata.org/entity/Q648961,,
http://www.wikidata.org/entity/Q278106,chalcocite,2.75,5.65,Cu₂S,,http://commons.wikimedia.org/wiki/Special:FilePath/Calcite-Chalcocite-mf36c.jpg,http://www.wikidata.org/entity/Q624543,,
http://www.wikidata.org/entity/Q3621429,arcanite,2,,K₂[SO₄],http://www.wikidata.org/entity/Q23444,http://commons.wikimedia.org/wiki/Special:FilePath/Arcanite.jpg,http://www.wikidata.org/entity/Q648961,,
http://www.wikidata.org/entity/Q3830636,leonite,2.75,2.2,K₂Mg(SO₄)₂·4H₂O,,http://commons.wikimedia.org/wiki/Special:FilePath/Leonite-Halite-112538.jpg,,,
http://www.wikidata.org/entity/Q120467363,theuerdankite,2,,Ag₃AsO₄,,http://commons.wikimedia.org/wiki/Special:FilePath/Theuerdankite.png,http://www.wikidata.org/entity/Q473227,,
http://www.wikidata.org/entity/Q3827103,larisaite,1,,Na(H₃O)(UO₂)₃(SeO₃)O₂ * 4H₂O,,http://commons.wikimedia.org/wiki/Special:FilePath/Larisaite.jpg,,,
http://www.wikidata.org/entity/Q411430,泻利盐,2,1.67,MgSO₄·7H₂O,http://www.wikidata.org/entity/Q429220,http://commons.wikimedia.org/wiki/Special:FilePath/Epsomite.jpg,http://www.wikidata.org/entity/Q648961,,
http://www.wikidata.org/entity/Q3826990,laphamite,1.5,,"As₂(Se,S)₃",http://www.wikidata.org/entity/Q5223370,http://commons.wikimedia.org/wiki/Special:FilePath/Laphamite%20over%20Hieratite.jpg,http://www.wikidata.org/entity/Q624543,,
http://www.wikidata.org/entity/Q421020,cyanotrichite,2,,Cu₄Al₂SO₄(OH)₁₂·2H₂O,,http://commons.wikimedia.org/wiki/Special:FilePath/Cyanotrichite-Malachite-199581.jpg,http://www.wikidata.org/entity/Q648961,,
http://www.wikidata.org/entity/Q415950,johannite,2,,Cu(UO₂)₂(SO₄)₂(OH)₂·8H₂O,,http://commons.wikimedia.org/wiki/Special:FilePath/Johannite-ea9b.jpg,http://www.wikidata.org/entity/Q376927,,
http://www.wikidata.org/entity/Q4024463,native zinc,2,,Zn,,http://commons.wikimedia.org/wiki/Special:FilePath/Native%20zinc.jpg,http://www.wikidata.org/entity/Q663314,,
http://www.wikidata.org/entity/Q104614,朱砂,2.3,8.1,HgS,,http://commons.wikimedia.org/wiki/Special:FilePath/Cinnabar.jpg,http://www.wikidata.org/entity/Q588274,,
http://www.wikidata.org/entity/Q780935,lavendulan,2.75,3.54,NaCaCu₅(AsO₄)₄Cl·5H₂O,,http://commons.wikimedia.org/wiki/Special:FilePath/Lavendulan-89336.jpg,http://www.wikidata.org/entity/Q624543,,
http://www.wikidata.org/entity/Q3931561,reedmergnerite,6.3,2.776,NaBSi₃O₈,,http://commons.wikimedia.org/wiki/Special:FilePath/Earth-and-Man--Reedmergnerite.jpg,http://www.wikidata.org/entity/Q376927,,
http://www.wikidata.org/entity/Q19833354,fluornatrocoulsellite,4.5,,(Na₁.₅Ca₀.₅)(Mg₁.₅Al₀.₅)F₆F,http://www.wikidata.org/entity/Q11567495,,http://www.wikidata.org/entity/Q588274,,
http://www.wikidata.org/entity/Q192637,红柱石,7.5,3.15,Al₂SiO₅,,http://commons.wikimedia.org/wiki/Special:FilePath/Andalusite%20-%20Malacheta%2C%20Minas%20Gerais%2C%20Brazil.jpg,http://www.wikidata.org/entity/Q648961,,
http://www.wikidata.org/entity/Q672359,liberite,7,,Li₂BeSiO₄,,http://commons.wikimedia.org/wiki/Special:FilePath/Liberite%20%26%20Hsianghualite.jpg,http://www.wikidata.org/entity/Q624543,,
http://www.wikidata.org/entity/Q191310,尖晶石,8,,MgAl₂O₄,,http://commons.wikimedia.org/wiki/Special:FilePath/Spinel2.jpg,http://www.wikidata.org/entity/Q473227,,
http://www.wikidata.org/entity/Q420620,斯石英,9.4,,SiO₂,,http://commons.wikimedia.org/wiki/Special:FilePath/Stishovite.jpg,http://www.wikidata.org/entity/Q503601,,
http://www.wikidata.org/entity/Q2252676,pezzottaite-(Cs),8,,Cs(Be₂Li)Al₂(Si₆O₁₈),,http://commons.wikimedia.org/wiki/Special:FilePath/Pezzottaite-262463.jpg,http://www.wikidata.org/entity/Q588274,,
http://www.wikidata.org/entity/Q4023579,zabuyelite,3,,Li₂[CO₃],http://www.wikidata.org/entity/Q11567495,http://commons.wikimedia.org/wiki/Special:FilePath/Zabuyelite.jpg,http://www.wikidata.org/entity/Q624543,,
http://www.wikidata.org/entity/Q418521,块磷铝矿,6.5,2.65,AlPO₄,,http://commons.wikimedia.org/wiki/Special:FilePath/Blue%20Berlinite.jpg,http://www.wikidata.org/entity/Q588274,,
http://www.wikidata.org/entity/Q3843301,magnesiotaaffeite-2N'2S,8,3.605,Mg₃BeAl₈O₁₆,http://www.wikidata.org/entity/Q3133,http://commons.wikimedia.org/wiki/Special:FilePath/Magnesiotaaffeite-2N2S-53105.jpg,http://www.wikidata.org/entity/Q663314,,
http://www.wikidata.org/entity/Q3843301,magnesiotaaffeite-2N'2S,8,3.605,Mg₃BeAl₈O₁₆,http://www.wikidata.org/entity/Q23444,http://commons.wikimedia.org/wiki/Special:FilePath/Magnesiotaaffeite-2N2S-53105.jpg,http://www.wikidata.org/entity/Q663314,,
http://www.wikidata.org/entity/Q19833636,ferroericssonite,4.5,,BaFe²⁺₂Fe³⁺(Si₂O₇)O(OH),,,http://www.wikidata.org/entity/Q624543,,
http://www.wikidata.org/entity/Q413399,维苏威石,6.5,,"(Ca,Na)₁₉(Al,Mg,Fe)₁₃(SiO₄)₁₀(Si₂O₇)₄(OH,F,O)₁₀",,http://commons.wikimedia.org/wiki/Special:FilePath/Vesuvianite-196065.jpg,http://www.wikidata.org/entity/Q503601,,
http://www.wikidata.org/entity/Q422179,chrysoberyl,8.5,,BeAl₂O₄,,http://commons.wikimedia.org/wiki/Special:FilePath/Chrysoberyl.jpg,http://www.wikidata.org/entity/Q648961,,
http://www.wikidata.org/entity/Q6080840,plumboagardite,3,,"(Pb,REE,Ca)Cu₆(AsO₄)₃(OH)₆·3H₂O",,http://commons.wikimedia.org/wiki/Special:FilePath/Plumboagardita.jpg,http://www.wikidata.org/entity/Q663314,,
http://www.wikidata.org/entity/Q273663,almandine,7.5,4.3,Fe²⁺₃Al₂(SiO₄)₃,,http://commons.wikimedia.org/wiki/Special:FilePath/Almandine-131923.jpg,http://www.wikidata.org/entity/Q473227,,
http://www.wikidata.org/entity/Q43010,quartz,7,2.65,SiO₂,,http://commons.wikimedia.org/wiki/Special:FilePath/Quartz%20Br%C3%A9sil.jpg,http://www.wikidata.org/entity/Q588274,,
http://www.wikidata.org/entity/Q418215,莫桑石,9.25,,SiC,,http://commons.wikimedia.org/wiki/Special:FilePath/Moissanite-USGS-20-1002b.jpg,http://www.wikidata.org/entity/Q663314,,
http://www.wikidata.org/entity/Q19833635,ferrochiavennite,3,,"Ca₁₋₂Fe[(Si,Al,Be)₅Be₂O₁₃(OH)₂]·2H₂O",http://www.wikidata.org/entity/Q943,,http://www.wikidata.org/entity/Q624543,,
http://www.wikidata.org/entity/Q191222,锡石,6.5,6.58,SnO₂,http://www.wikidata.org/entity/Q943,http://commons.wikimedia.org/wiki/Special:FilePath/CassiteriteUSGOV.jpg,http://www.wikidata.org/entity/Q503601,,
http://www.wikidata.org/entity/Q191222,锡石,6.5,6.58,SnO₂,http://www.wikidata.org/entity/Q3142,http://commons.wikimedia.org/wiki/Special:FilePath/CassiteriteUSGOV.jpg,http://www.wikidata.org/entity/Q503601,,
http://www.wikidata.org/entity/Q191222,锡石,6.5,6.58,SnO₂,http://www.wikidata.org/entity/Q23444,http://commons.wikimedia.org/wiki/Special:FilePath/CassiteriteUSGOV.jpg,http://www.wikidata.org/entity/Q503601,,
http://www.wikidata.org/entity/Q191222,锡石,6.5,6.58,SnO₂,http://www.wikidata.org/entity/Q23445,http://commons.wikimedia.org/wiki/Special:FilePath/CassiteriteUSGOV.jpg,http://www.wikidata.org/entity/Q503601,,
http://www.wikidata.org/entity/Q191222,锡石,6.5,6.58,SnO₂,http://www.wikidata.org/entity/Q47071,http://commons.wikimedia.org/wiki/Special:FilePath/CassiteriteUSGOV.jpg,http://www.wikidata.org/entity/Q503601,,
http://www.wikidata.org/entity/Q19975523,krivovichevite,3,,Pb₃Al(OH)₆SO₄(OH),,,http://www.wikidata.org/entity/Q588274,,
http://www.wikidata.org/entity/Q3863005,morimotoite,7.5,,"Ca₃(Ti,Fe²⁺,Fe³⁺)₂((Si,Fe³⁺)O₄)₃",,,http://www.wikidata.org/entity/Q473227,,
http://www.wikidata.org/entity/Q6871266,minyulite,3.5,,KAl₂(PO₄)₂F·4H₂O,,http://commons.wikimedia.org/wiki/Special:FilePath/Minyulite-101599.jpg,http://www.wikidata.org/entity/Q648961,,
http://www.wikidata.org/entity/Q101084511,thunderbayite,3,5.693,TlAg₃Au₃Sb₇S₆,http://www.wikidata.org/entity/Q23445,,http://www.wikidata.org/entity/Q376927,,
http://www.wikidata.org/entity/Q424354,lawsonite,7.5,,CaAl₂Si₂O₇(OH)₂·H₂O,,http://commons.wikimedia.org/wiki/Special:FilePath/Lawsonite-169898.jpg,http://www.wikidata.org/entity/Q648961,,
http://www.wikidata.org/entity/Q517231,hafnon,7.5,,HfSiO₄,,http://commons.wikimedia.org/wiki/Special:FilePath/Hafnon.jpg,http://www.wikidata.org/entity/Q503601,,
http://www.wikidata.org/entity/Q333593,abswurmbachite,6.5,4.96,Cu²⁺(Mn³⁺)₆O₈(SiO₄),,http://commons.wikimedia.org/wiki/Special:FilePath/%D8%A3%D8%A8%D8%B3%D9%88%D9%8A%D8%B1%D8%A8%D8%B4%D9%8A%D8%AA.jpg,http://www.wikidata.org/entity/Q503601,,
http://www.wikidata.org/entity/Q5283,钻石,10,3.515,C,,http://commons.wikimedia.org/wiki/Special:FilePath/Rough%20Diamond.jpg,http://www.wikidata.org/entity/Q473227,,
http://www.wikidata.org/entity/Q19744022,agricolaite,4,3.531,K₄(UO₂)(CO₃)₃,,,http://www.wikidata.org/entity/Q624543,,
http://www.wikidata.org/entity/Q2411340,schorl,7,,Na(Fe²⁺₃)Al₆(Si₆O₁₈)(BO₃)₃(OH)₃(OH),,http://commons.wikimedia.org/wiki/Special:FilePath/Schorl%20-%20Galil%C3%A9ia%2C%20Minas%20Gerais%2C%20Brazil.jpg,http://www.wikidata.org/entity/Q588274,,
http://www.wikidata.org/entity/Q419868,painite,8,,CaZrAl₉(BO₃)O₁₅,,http://commons.wikimedia.org/wiki/Special:FilePath/Painite-266170.jpg,http://www.wikidata.org/entity/Q663314,,
http://www.wikidata.org/entity/Q4024466,zincolibethenite,4,,CuZnPO₄OH,,http://commons.wikimedia.org/wiki/Special:FilePath/Zincolibethenita%20foto.jpg,http://www.wikidata.org/entity/Q648961,,
http://www.wikidata.org/entity/Q415037,镁橄榄石,7,,Mg₂SiO₄,,http://commons.wikimedia.org/wiki/Special:FilePath/Forsterite%20on%20Sanidine%20-%20Ochtendung%2C%20Eifel%2C%20Germany.jpg,http://www.wikidata.org/entity/Q648961,,
http://www.wikidata.org/entity/Q531280,chloritoid,6.5,,"(Fe²⁺,Mg,Mn²⁺)Al₂(SiO₄)O(OH)₂",,http://commons.wikimedia.org/wiki/Special:FilePath/Chloritoid-bem-12b.jpg,,,
http://www.wikidata.org/entity/Q134985,黄玉,8,3.53,Al₂SiO₄F₂,,http://commons.wikimedia.org/wiki/Special:FilePath/Topaze%20Br%C3%A9sil.jpg,http://www.wikidata.org/entity/Q648961,,
http://www.wikidata.org/entity/Q19833635,ferrochiavennite,3,,"Ca₁₋₂Fe[(Si,Al,Be)₅Be₂O₁₃(OH)₂]·2H₂O",http://www.wikidata.org/entity/Q843607,,http://www.wikidata.org/entity/Q624543,,
http://www.wikidata.org/entity/Q4227517,koksharovite,4.5,,CaMg₂Fe³⁺₄(VO₄)₆,,http://commons.wikimedia.org/wiki/Special:FilePath/Koksharovite.jpg,http://www.wikidata.org/entity/Q376927,,
http://www.wikidata.org/entity/Q19861100,okruschite,3.5,,Ca₂Mn²⁺₅Be₄(AsO₄)₆(OH)₄·6H₂O,http://www.wikidata.org/entity/Q23444,,http://www.wikidata.org/entity/Q624543,,
http://www.wikidata.org/entity/Q19833635,ferrochiavennite,3,,"Ca₁₋₂Fe[(Si,Al,Be)₅Be₂O₁₃(OH)₂]·2H₂O",http://www.wikidata.org/entity/Q4405716,,http://www.wikidata.org/entity/Q624543,,
http://www.wikidata.org/entity/Q421814,镁铝榴石,7.5,3.745,Mg₃Al₂(SiO₄)₃,,http://commons.wikimedia.org/wiki/Special:FilePath/Grenat%20pyrope%201.jpg,http://www.wikidata.org/entity/Q473227,,
http://www.wikidata.org/entity/Q421831,辉锑矿,8,,Sb₂S₃,,http://commons.wikimedia.org/wiki/Special:FilePath/Antimonit%20Quarz%20aus%20Japan.jpg,http://www.wikidata.org/entity/Q648961,,
http://www.wikidata.org/entity/Q3792028,hydroxylclinohumite,6.5,,Mg₉(SiO₄)₄(OH)₂,,http://commons.wikimedia.org/wiki/Special:FilePath/Hydroxylclinohumite-21345.jpg,,,
http://www.wikidata.org/entity/Q213544,黝帘石,6.5,,Ca₂Al₃(Si₂O₇)(SiO₄)O(OH),,http://commons.wikimedia.org/wiki/Special:FilePath/Thulite.jpg,http://www.wikidata.org/entity/Q648961,,
http://www.wikidata.org/entity/Q131777,刚玉,9,,Al₂O₃,,http://commons.wikimedia.org/wiki/Special:FilePath/Corundum.jpg,http://www.wikidata.org/entity/Q588274,,
http://www.wikidata.org/entity/Q4731094,allanpringite,3,,Fe³⁺₃(PO₄)₂(OH)₃·5H₂O,,http://commons.wikimedia.org/wiki/Special:FilePath/Allanpringite-122708.jpg,http://www.wikidata.org/entity/Q624543,,
http://www.wikidata.org/entity/Q5283,钻石,10,3.51,C,,http://commons.wikimedia.org/wiki/Special:FilePath/Rough%20Diamond.jpg,http://www.wikidata.org/entity/Q473227,,
http://www.wikidata.org/entity/Q119632,sillimanite,7,,Al₂OSiO₄,,http://commons.wikimedia.org/wiki/Special:FilePath/SillimaniteUSGS.jpg,http://www.wikidata.org/entity/Q648961,,
http://www.wikidata.org/entity/Q64685351,luxembourgite,3,,AgCuPbBi₄Se₈,http://www.wikidata.org/entity/Q42519,http://commons.wikimedia.org/wiki/Special:FilePath/Luxembourgite9.tif,http://www.wikidata.org/entity/Q624543,,
http://www.wikidata.org/entity/Q178928,锆石,7.5,4.65,ZrSiO₄,,http://commons.wikimedia.org/wiki/Special:FilePath/Zircon-t09zirc-06c.jpg,http://www.wikidata.org/entity/Q503601,,
http://www.wikidata.org/entity/Q1077131,eucryptite,6.5,,LiAlSiO₄,,http://commons.wikimedia.org/wiki/Special:FilePath/Eucryptite-pas-152b.jpg,http://www.wikidata.org/entity/Q588274,,
http://www.wikidata.org/entity/Q193450,蓝晶石,7.5,,Al₂OSiO₄,,http://commons.wikimedia.org/wiki/Special:FilePath/KyaniteUSGOV.jpg,http://www.wikidata.org/entity/Q376927,,
